<?xml version="1.0" encoding="UTF-8" standalone="yes"?>
<atlas version="1" name="4" outputFormat="OruxMapsSqlite">
    <Layer name="1">
        <Map maxTileCoordinate="511/255" minTileCoordinate="256/0" mapSource="Microsoft Maps" zoom="1" name="1 01"/>
        <Map maxTileCoordinate="767/511" minTileCoordinate="512/256" mapSource="Microsoft Maps" zoom="2" name="1 02"/>
        <Map maxTileCoordinate="1279/767" minTileCoordinate="1024/512" mapSource="Microsoft Maps" zoom="3" name="1 03"/>
        <Map maxTileCoordinate="2559/1535" minTileCoordinate="2304/1024" mapSource="Microsoft Maps" zoom="4" name="1 04"/>
        <Map maxTileCoordinate="4863/2815" minTileCoordinate="4608/2304" mapSource="Microsoft Maps" zoom="5" name="1 05"/>
        <Map maxTileCoordinate="9727/5375" minTileCoordinate="9216/4864" mapSource="Microsoft Maps" zoom="6" name="1 06"/>
        <Map maxTileCoordinate="19199/10495" minTileCoordinate="18688/9984" mapSource="Microsoft Maps" zoom="7" name="1 07"/>
        <Map maxTileCoordinate="38143/20735" minTileCoordinate="37376/20224" mapSource="Microsoft Maps" zoom="8" name="1 08"/>
        <Map maxTileCoordinate="76031/41215" minTileCoordinate="74752/40448" mapSource="Microsoft Maps" zoom="9" name="1 09"/>
        <Map maxTileCoordinate="151807/82175" minTileCoordinate="149504/80896" mapSource="Microsoft Maps" zoom="10" name="1 10"/>
        <Map maxTileCoordinate="303359/164351" minTileCoordinate="299008/161792" mapSource="Microsoft Maps" zoom="11" name="1 11"/>
        <Map maxTileCoordinate="606463/328703" minTileCoordinate="598016/323584" mapSource="Microsoft Maps" zoom="12" name="1 12"/>
        <Map maxTileCoordinate="1212927/657407" minTileCoordinate="1196288/647168" mapSource="Microsoft Maps" zoom="13" name="1 13"/>
        <Map maxTileCoordinate="2425343/1314814" minTileCoordinate="2392832/1294336" mapSource="Microsoft Maps" zoom="14" name="1 14 (0)"/>
        <Map maxTileCoordinate="2425854/1314814" minTileCoordinate="2425344/1294336" mapSource="Microsoft Maps" zoom="14" name="1 14 (1)"/>
    </Layer>
    <Layer name="2">
        <Map maxTileCoordinate="511/255" minTileCoordinate="256/0" mapSource="Microsoft Maps" zoom="1" name="2 01"/>
        <Map maxTileCoordinate="767/511" minTileCoordinate="512/256" mapSource="Microsoft Maps" zoom="2" name="2 02"/>
        <Map maxTileCoordinate="1279/767" minTileCoordinate="1024/512" mapSource="Microsoft Maps" zoom="3" name="2 03"/>
        <Map maxTileCoordinate="2559/1535" minTileCoordinate="2304/1024" mapSource="Microsoft Maps" zoom="4" name="2 04"/>
        <Map maxTileCoordinate="4863/2815" minTileCoordinate="4608/2304" mapSource="Microsoft Maps" zoom="5" name="2 05"/>
        <Map maxTileCoordinate="9471/5375" minTileCoordinate="9216/4864" mapSource="Microsoft Maps" zoom="6" name="2 06"/>
        <Map maxTileCoordinate="18943/10495" minTileCoordinate="18432/9984" mapSource="Microsoft Maps" zoom="7" name="2 07"/>
        <Map maxTileCoordinate="37887/20735" minTileCoordinate="37120/20224" mapSource="Microsoft Maps" zoom="8" name="2 08"/>
        <Map maxTileCoordinate="75519/41471" minTileCoordinate="74496/40448" mapSource="Microsoft Maps" zoom="9" name="2 09"/>
        <Map maxTileCoordinate="150783/82943" minTileCoordinate="149248/80896" mapSource="Microsoft Maps" zoom="10" name="2 10"/>
        <Map maxTileCoordinate="301567/165631" minTileCoordinate="298752/161792" mapSource="Microsoft Maps" zoom="11" name="2 11"/>
        <Map maxTileCoordinate="602879/331263" minTileCoordinate="597760/323840" mapSource="Microsoft Maps" zoom="12" name="2 12"/>
        <Map maxTileCoordinate="1205503/662271" minTileCoordinate="1195520/647936" mapSource="Microsoft Maps" zoom="13" name="2 13"/>
        <Map maxTileCoordinate="2411007/1324287" minTileCoordinate="2391040/1295872" mapSource="Microsoft Maps" zoom="14" name="2 14"/>
    </Layer>
    <Layer name="3">
        <Map maxTileCoordinate="511/255" minTileCoordinate="256/0" mapSource="Microsoft Maps" zoom="1" name="3 01"/>
        <Map maxTileCoordinate="767/511" minTileCoordinate="512/256" mapSource="Microsoft Maps" zoom="2" name="3 02"/>
        <Map maxTileCoordinate="1279/767" minTileCoordinate="1024/512" mapSource="Microsoft Maps" zoom="3" name="3 03"/>
        <Map maxTileCoordinate="2559/1535" minTileCoordinate="2304/1024" mapSource="Microsoft Maps" zoom="4" name="3 04"/>
        <Map maxTileCoordinate="4863/2815" minTileCoordinate="4608/2304" mapSource="Microsoft Maps" zoom="5" name="3 05"/>
        <Map maxTileCoordinate="9471/5375" minTileCoordinate="9216/4864" mapSource="Microsoft Maps" zoom="6" name="3 06"/>
        <Map maxTileCoordinate="18943/10495" minTileCoordinate="18688/9984" mapSource="Microsoft Maps" zoom="7" name="3 07"/>
        <Map maxTileCoordinate="37887/20735" minTileCoordinate="37376/20224" mapSource="Microsoft Maps" zoom="8" name="3 08"/>
        <Map maxTileCoordinate="75519/41215" minTileCoordinate="75008/40448" mapSource="Microsoft Maps" zoom="9" name="3 09"/>
        <Map maxTileCoordinate="151039/82175" minTileCoordinate="150016/81152" mapSource="Microsoft Maps" zoom="10" name="3 10"/>
        <Map maxTileCoordinate="302079/164351" minTileCoordinate="300032/162560" mapSource="Microsoft Maps" zoom="11" name="3 11"/>
        <Map maxTileCoordinate="603903/328447" minTileCoordinate="600064/325376" mapSource="Microsoft Maps" zoom="12" name="3 12"/>
        <Map maxTileCoordinate="1207551/656895" minTileCoordinate="1200384/651008" mapSource="Microsoft Maps" zoom="13" name="3 13"/>
        <Map maxTileCoordinate="2415103/1313535" minTileCoordinate="2401024/1302016" mapSource="Microsoft Maps" zoom="14" name="3 14"/>
        <Map maxTileCoordinate="4830207/2627071" minTileCoordinate="4802304/2604288" mapSource="Microsoft Maps" zoom="15" name="3 15"/>
        <Map maxTileCoordinate="9637375/5241343" minTileCoordinate="9604864/5208832" mapSource="Microsoft Maps" zoom="16" name="3 16 (0)"/>
        <Map maxTileCoordinate="9637375/5253886" minTileCoordinate="9604864/5241344" mapSource="Microsoft Maps" zoom="16" name="3 16 (1)"/>
        <Map maxTileCoordinate="9660158/5241343" minTileCoordinate="9637376/5208832" mapSource="Microsoft Maps" zoom="16" name="3 16 (2)"/>
        <Map maxTileCoordinate="9660158/5253886" minTileCoordinate="9637376/5241344" mapSource="Microsoft Maps" zoom="16" name="3 16 (3)"/>
    </Layer>
    <Layer name="4">
        <Map maxTileCoordinate="511/255" minTileCoordinate="256/0" mapSource="Microsoft Maps" zoom="1" name="4 01"/>
        <Map maxTileCoordinate="767/511" minTileCoordinate="512/256" mapSource="Microsoft Maps" zoom="2" name="4 02"/>
        <Map maxTileCoordinate="1279/767" minTileCoordinate="1024/512" mapSource="Microsoft Maps" zoom="3" name="4 03"/>
        <Map maxTileCoordinate="2559/1535" minTileCoordinate="2304/1024" mapSource="Microsoft Maps" zoom="4" name="4 04"/>
        <Map maxTileCoordinate="4863/2815" minTileCoordinate="4608/2304" mapSource="Microsoft Maps" zoom="5" name="4 05"/>
        <Map maxTileCoordinate="9471/5375" minTileCoordinate="9216/4864" mapSource="Microsoft Maps" zoom="6" name="4 06"/>
        <Map maxTileCoordinate="18943/10495" minTileCoordinate="18688/9984" mapSource="Microsoft Maps" zoom="7" name="4 07"/>
        <Map maxTileCoordinate="37631/20735" minTileCoordinate="37376/20224" mapSource="Microsoft Maps" zoom="8" name="4 08"/>
        <Map maxTileCoordinate="75263/41471" minTileCoordinate="74752/40704" mapSource="Microsoft Maps" zoom="9" name="4 09"/>
        <Map maxTileCoordinate="150527/82687" minTileCoordinate="149760/81664" mapSource="Microsoft Maps" zoom="10" name="4 10"/>
        <Map maxTileCoordinate="301055/165375" minTileCoordinate="299520/163584" mapSource="Microsoft Maps" zoom="11" name="4 11"/>
        <Map maxTileCoordinate="602111/330495" minTileCoordinate="599296/327168" mapSource="Microsoft Maps" zoom="12" name="4 12"/>
        <Map maxTileCoordinate="1203967/660991" minTileCoordinate="1198848/654592" mapSource="Microsoft Maps" zoom="13" name="4 13"/>
        <Map maxTileCoordinate="2407679/1321983" minTileCoordinate="2397696/1309440" mapSource="Microsoft Maps" zoom="14" name="4 14"/>
        <Map maxTileCoordinate="4815103/2643711" minTileCoordinate="4795392/2618880" mapSource="Microsoft Maps" zoom="15" name="4 15"/>
        <Map maxTileCoordinate="9623295/5270527" minTileCoordinate="9590784/5238016" mapSource="Microsoft Maps" zoom="16" name="4 16 (0)"/>
        <Map maxTileCoordinate="9623295/5287422" minTileCoordinate="9590784/5270528" mapSource="Microsoft Maps" zoom="16" name="4 16 (1)"/>
        <Map maxTileCoordinate="9629950/5270527" minTileCoordinate="9623296/5238016" mapSource="Microsoft Maps" zoom="16" name="4 16 (2)"/>
        <Map maxTileCoordinate="9629950/5287422" minTileCoordinate="9623296/5270528" mapSource="Microsoft Maps" zoom="16" name="4 16 (3)"/>
    </Layer>
</atlas>
