<?xml version="1.0" encoding="UTF-8" standalone="yes"?>
<atlas version="1" name="Unnamed atlas" outputFormat="Maverick">
    <Layer name="Layer name">
        <Map maxTileCoordinate="511/255" minTileCoordinate="256/0" mapSource="Microsoft Maps" zoom="1" name="Layer name 01"/>
        <Map maxTileCoordinate="767/511" minTileCoordinate="512/256" mapSource="Microsoft Maps" zoom="2" name="Layer name 02"/>
        <Map maxTileCoordinate="1279/767" minTileCoordinate="1024/512" mapSource="Microsoft Maps" zoom="3" name="Layer name 03"/>
        <Map maxTileCoordinate="2559/1535" minTileCoordinate="2304/1024" mapSource="Microsoft Maps" zoom="4" name="Layer name 04"/>
        <Map maxTileCoordinate="4863/2815" minTileCoordinate="4608/2304" mapSource="Microsoft Maps" zoom="5" name="Layer name 05"/>
        <Map maxTileCoordinate="9471/5375" minTileCoordinate="9216/4864" mapSource="Microsoft Maps" zoom="6" name="Layer name 06"/>
        <Map maxTileCoordinate="18943/10495" minTileCoordinate="18688/9984" mapSource="Microsoft Maps" zoom="7" name="Layer name 07"/>
        <Map maxTileCoordinate="37887/20735" minTileCoordinate="37376/20224" mapSource="Microsoft Maps" zoom="8" name="Layer name 08"/>
        <Map maxTileCoordinate="75519/41215" minTileCoordinate="75008/40704" mapSource="Microsoft Maps" zoom="9" name="Layer name 09"/>
        <Map maxTileCoordinate="151039/82175" minTileCoordinate="150016/81408" mapSource="Microsoft Maps" zoom="10" name="Layer name 10"/>
        <Map maxTileCoordinate="302079/164351" minTileCoordinate="300288/162816" mapSource="Microsoft Maps" zoom="11" name="Layer name 11"/>
        <Map maxTileCoordinate="603903/328447" minTileCoordinate="600576/325632" mapSource="Microsoft Maps" zoom="12" name="Layer name 12"/>
        <Map maxTileCoordinate="1207551/656639" minTileCoordinate="1201152/651520" mapSource="Microsoft Maps" zoom="13" name="Layer name 13"/>
        <Map maxTileCoordinate="2415103/1313023" minTileCoordinate="2402304/1303040" mapSource="Microsoft Maps" zoom="14" name="Layer name 14"/>
        <Map maxTileCoordinate="4829951/2625791" minTileCoordinate="4804608/2606336" mapSource="Microsoft Maps" zoom="15" name="Layer name 15"/>
        <Map maxTileCoordinate="9641983/5245439" minTileCoordinate="9609472/5212928" mapSource="Microsoft Maps" zoom="16" name="Layer name 16 (0)"/>
        <Map maxTileCoordinate="9641983/5251582" minTileCoordinate="9609472/5245440" mapSource="Microsoft Maps" zoom="16" name="Layer name 16 (1)"/>
        <Map maxTileCoordinate="9659902/5245439" minTileCoordinate="9641984/5212928" mapSource="Microsoft Maps" zoom="16" name="Layer name 16 (2)"/>
        <Map maxTileCoordinate="9659902/5251582" minTileCoordinate="9641984/5245440" mapSource="Microsoft Maps" zoom="16" name="Layer name 16 (3)"/>
        <Map maxTileCoordinate="19251711/10458367" minTileCoordinate="19219200/10425856" mapSource="Microsoft Maps" zoom="17" name="Layer name 17 (00)"/>
        <Map maxTileCoordinate="19251711/10490879" minTileCoordinate="19219200/10458368" mapSource="Microsoft Maps" zoom="17" name="Layer name 17 (01)"/>
        <Map maxTileCoordinate="19251711/10503166" minTileCoordinate="19219200/10490880" mapSource="Microsoft Maps" zoom="17" name="Layer name 17 (02)"/>
        <Map maxTileCoordinate="19284223/10458367" minTileCoordinate="19251712/10425856" mapSource="Microsoft Maps" zoom="17" name="Layer name 17 (03)"/>
        <Map maxTileCoordinate="19284223/10490879" minTileCoordinate="19251712/10458368" mapSource="Microsoft Maps" zoom="17" name="Layer name 17 (04)"/>
        <Map maxTileCoordinate="19284223/10503166" minTileCoordinate="19251712/10490880" mapSource="Microsoft Maps" zoom="17" name="Layer name 17 (05)"/>
        <Map maxTileCoordinate="19316735/10458367" minTileCoordinate="19284224/10425856" mapSource="Microsoft Maps" zoom="17" name="Layer name 17 (06)"/>
        <Map maxTileCoordinate="19316735/10490879" minTileCoordinate="19284224/10458368" mapSource="Microsoft Maps" zoom="17" name="Layer name 17 (07)"/>
        <Map maxTileCoordinate="19316735/10503166" minTileCoordinate="19284224/10490880" mapSource="Microsoft Maps" zoom="17" name="Layer name 17 (08)"/>
        <Map maxTileCoordinate="19319806/10458367" minTileCoordinate="19316736/10425856" mapSource="Microsoft Maps" zoom="17" name="Layer name 17 (09)"/>
        <Map maxTileCoordinate="19319806/10490879" minTileCoordinate="19316736/10458368" mapSource="Microsoft Maps" zoom="17" name="Layer name 17 (10)"/>
        <Map maxTileCoordinate="19319806/10503166" minTileCoordinate="19316736/10490880" mapSource="Microsoft Maps" zoom="17" name="Layer name 17 (11)"/>
        <Map maxTileCoordinate="38470911/20884223" minTileCoordinate="38438400/20851712" mapSource="Microsoft Maps" zoom="18" name="Layer name 18 (00)"/>
        <Map maxTileCoordinate="38470911/20916735" minTileCoordinate="38438400/20884224" mapSource="Microsoft Maps" zoom="18" name="Layer name 18 (01)"/>
        <Map maxTileCoordinate="38470911/20949247" minTileCoordinate="38438400/20916736" mapSource="Microsoft Maps" zoom="18" name="Layer name 18 (02)"/>
        <Map maxTileCoordinate="38470911/20981759" minTileCoordinate="38438400/20949248" mapSource="Microsoft Maps" zoom="18" name="Layer name 18 (03)"/>
        <Map maxTileCoordinate="38470911/21006078" minTileCoordinate="38438400/20981760" mapSource="Microsoft Maps" zoom="18" name="Layer name 18 (04)"/>
        <Map maxTileCoordinate="38503423/20884223" minTileCoordinate="38470912/20851712" mapSource="Microsoft Maps" zoom="18" name="Layer name 18 (05)"/>
        <Map maxTileCoordinate="38503423/20916735" minTileCoordinate="38470912/20884224" mapSource="Microsoft Maps" zoom="18" name="Layer name 18 (06)"/>
        <Map maxTileCoordinate="38503423/20949247" minTileCoordinate="38470912/20916736" mapSource="Microsoft Maps" zoom="18" name="Layer name 18 (07)"/>
        <Map maxTileCoordinate="38503423/20981759" minTileCoordinate="38470912/20949248" mapSource="Microsoft Maps" zoom="18" name="Layer name 18 (08)"/>
        <Map maxTileCoordinate="38503423/21006078" minTileCoordinate="38470912/20981760" mapSource="Microsoft Maps" zoom="18" name="Layer name 18 (09)"/>
        <Map maxTileCoordinate="38535935/20884223" minTileCoordinate="38503424/20851712" mapSource="Microsoft Maps" zoom="18" name="Layer name 18 (10)"/>
        <Map maxTileCoordinate="38535935/20916735" minTileCoordinate="38503424/20884224" mapSource="Microsoft Maps" zoom="18" name="Layer name 18 (11)"/>
        <Map maxTileCoordinate="38535935/20949247" minTileCoordinate="38503424/20916736" mapSource="Microsoft Maps" zoom="18" name="Layer name 18 (12)"/>
        <Map maxTileCoordinate="38535935/20981759" minTileCoordinate="38503424/20949248" mapSource="Microsoft Maps" zoom="18" name="Layer name 18 (13)"/>
        <Map maxTileCoordinate="38535935/21006078" minTileCoordinate="38503424/20981760" mapSource="Microsoft Maps" zoom="18" name="Layer name 18 (14)"/>
        <Map maxTileCoordinate="38568447/20884223" minTileCoordinate="38535936/20851712" mapSource="Microsoft Maps" zoom="18" name="Layer name 18 (15)"/>
        <Map maxTileCoordinate="38568447/20916735" minTileCoordinate="38535936/20884224" mapSource="Microsoft Maps" zoom="18" name="Layer name 18 (16)"/>
        <Map maxTileCoordinate="38568447/20949247" minTileCoordinate="38535936/20916736" mapSource="Microsoft Maps" zoom="18" name="Layer name 18 (17)"/>
        <Map maxTileCoordinate="38568447/20981759" minTileCoordinate="38535936/20949248" mapSource="Microsoft Maps" zoom="18" name="Layer name 18 (18)"/>
        <Map maxTileCoordinate="38568447/21006078" minTileCoordinate="38535936/20981760" mapSource="Microsoft Maps" zoom="18" name="Layer name 18 (19)"/>
        <Map maxTileCoordinate="38600959/20884223" minTileCoordinate="38568448/20851712" mapSource="Microsoft Maps" zoom="18" name="Layer name 18 (20)"/>
        <Map maxTileCoordinate="38600959/20916735" minTileCoordinate="38568448/20884224" mapSource="Microsoft Maps" zoom="18" name="Layer name 18 (21)"/>
        <Map maxTileCoordinate="38600959/20949247" minTileCoordinate="38568448/20916736" mapSource="Microsoft Maps" zoom="18" name="Layer name 18 (22)"/>
        <Map maxTileCoordinate="38600959/20981759" minTileCoordinate="38568448/20949248" mapSource="Microsoft Maps" zoom="18" name="Layer name 18 (23)"/>
        <Map maxTileCoordinate="38600959/21006078" minTileCoordinate="38568448/20981760" mapSource="Microsoft Maps" zoom="18" name="Layer name 18 (24)"/>
        <Map maxTileCoordinate="38633471/20884223" minTileCoordinate="38600960/20851712" mapSource="Microsoft Maps" zoom="18" name="Layer name 18 (25)"/>
        <Map maxTileCoordinate="38633471/20916735" minTileCoordinate="38600960/20884224" mapSource="Microsoft Maps" zoom="18" name="Layer name 18 (26)"/>
        <Map maxTileCoordinate="38633471/20949247" minTileCoordinate="38600960/20916736" mapSource="Microsoft Maps" zoom="18" name="Layer name 18 (27)"/>
        <Map maxTileCoordinate="38633471/20981759" minTileCoordinate="38600960/20949248" mapSource="Microsoft Maps" zoom="18" name="Layer name 18 (28)"/>
        <Map maxTileCoordinate="38633471/21006078" minTileCoordinate="38600960/20981760" mapSource="Microsoft Maps" zoom="18" name="Layer name 18 (29)"/>
        <Map maxTileCoordinate="38639358/20884223" minTileCoordinate="38633472/20851712" mapSource="Microsoft Maps" zoom="18" name="Layer name 18 (30)"/>
        <Map maxTileCoordinate="38639358/20916735" minTileCoordinate="38633472/20884224" mapSource="Microsoft Maps" zoom="18" name="Layer name 18 (31)"/>
        <Map maxTileCoordinate="38639358/20949247" minTileCoordinate="38633472/20916736" mapSource="Microsoft Maps" zoom="18" name="Layer name 18 (32)"/>
        <Map maxTileCoordinate="38639358/20981759" minTileCoordinate="38633472/20949248" mapSource="Microsoft Maps" zoom="18" name="Layer name 18 (33)"/>
        <Map maxTileCoordinate="38639358/21006078" minTileCoordinate="38633472/20981760" mapSource="Microsoft Maps" zoom="18" name="Layer name 18 (34)"/>
        <Map maxTileCoordinate="76909311/41735935" minTileCoordinate="76876800/41703424" mapSource="Microsoft Maps" zoom="19" name="Layer name 19 (000)"/>
        <Map maxTileCoordinate="76909311/41768447" minTileCoordinate="76876800/41735936" mapSource="Microsoft Maps" zoom="19" name="Layer name 19 (001)"/>
        <Map maxTileCoordinate="76909311/41800959" minTileCoordinate="76876800/41768448" mapSource="Microsoft Maps" zoom="19" name="Layer name 19 (002)"/>
        <Map maxTileCoordinate="76909311/41833471" minTileCoordinate="76876800/41800960" mapSource="Microsoft Maps" zoom="19" name="Layer name 19 (003)"/>
        <Map maxTileCoordinate="76909311/41865983" minTileCoordinate="76876800/41833472" mapSource="Microsoft Maps" zoom="19" name="Layer name 19 (004)"/>
        <Map maxTileCoordinate="76909311/41898495" minTileCoordinate="76876800/41865984" mapSource="Microsoft Maps" zoom="19" name="Layer name 19 (005)"/>
        <Map maxTileCoordinate="76909311/41931007" minTileCoordinate="76876800/41898496" mapSource="Microsoft Maps" zoom="19" name="Layer name 19 (006)"/>
        <Map maxTileCoordinate="76909311/41963519" minTileCoordinate="76876800/41931008" mapSource="Microsoft Maps" zoom="19" name="Layer name 19 (007)"/>
        <Map maxTileCoordinate="76909311/41996031" minTileCoordinate="76876800/41963520" mapSource="Microsoft Maps" zoom="19" name="Layer name 19 (008)"/>
        <Map maxTileCoordinate="76909311/42011902" minTileCoordinate="76876800/41996032" mapSource="Microsoft Maps" zoom="19" name="Layer name 19 (009)"/>
        <Map maxTileCoordinate="76941823/41735935" minTileCoordinate="76909312/41703424" mapSource="Microsoft Maps" zoom="19" name="Layer name 19 (010)"/>
        <Map maxTileCoordinate="76941823/41768447" minTileCoordinate="76909312/41735936" mapSource="Microsoft Maps" zoom="19" name="Layer name 19 (011)"/>
        <Map maxTileCoordinate="76941823/41800959" minTileCoordinate="76909312/41768448" mapSource="Microsoft Maps" zoom="19" name="Layer name 19 (012)"/>
        <Map maxTileCoordinate="76941823/41833471" minTileCoordinate="76909312/41800960" mapSource="Microsoft Maps" zoom="19" name="Layer name 19 (013)"/>
        <Map maxTileCoordinate="76941823/41865983" minTileCoordinate="76909312/41833472" mapSource="Microsoft Maps" zoom="19" name="Layer name 19 (014)"/>
        <Map maxTileCoordinate="76941823/41898495" minTileCoordinate="76909312/41865984" mapSource="Microsoft Maps" zoom="19" name="Layer name 19 (015)"/>
        <Map maxTileCoordinate="76941823/41931007" minTileCoordinate="76909312/41898496" mapSource="Microsoft Maps" zoom="19" name="Layer name 19 (016)"/>
        <Map maxTileCoordinate="76941823/41963519" minTileCoordinate="76909312/41931008" mapSource="Microsoft Maps" zoom="19" name="Layer name 19 (017)"/>
        <Map maxTileCoordinate="76941823/41996031" minTileCoordinate="76909312/41963520" mapSource="Microsoft Maps" zoom="19" name="Layer name 19 (018)"/>
        <Map maxTileCoordinate="76941823/42011902" minTileCoordinate="76909312/41996032" mapSource="Microsoft Maps" zoom="19" name="Layer name 19 (019)"/>
        <Map maxTileCoordinate="76974335/41735935" minTileCoordinate="76941824/41703424" mapSource="Microsoft Maps" zoom="19" name="Layer name 19 (020)"/>
        <Map maxTileCoordinate="76974335/41768447" minTileCoordinate="76941824/41735936" mapSource="Microsoft Maps" zoom="19" name="Layer name 19 (021)"/>
        <Map maxTileCoordinate="76974335/41800959" minTileCoordinate="76941824/41768448" mapSource="Microsoft Maps" zoom="19" name="Layer name 19 (022)"/>
        <Map maxTileCoordinate="76974335/41833471" minTileCoordinate="76941824/41800960" mapSource="Microsoft Maps" zoom="19" name="Layer name 19 (023)"/>
        <Map maxTileCoordinate="76974335/41865983" minTileCoordinate="76941824/41833472" mapSource="Microsoft Maps" zoom="19" name="Layer name 19 (024)"/>
        <Map maxTileCoordinate="76974335/41898495" minTileCoordinate="76941824/41865984" mapSource="Microsoft Maps" zoom="19" name="Layer name 19 (025)"/>
        <Map maxTileCoordinate="76974335/41931007" minTileCoordinate="76941824/41898496" mapSource="Microsoft Maps" zoom="19" name="Layer name 19 (026)"/>
        <Map maxTileCoordinate="76974335/41963519" minTileCoordinate="76941824/41931008" mapSource="Microsoft Maps" zoom="19" name="Layer name 19 (027)"/>
        <Map maxTileCoordinate="76974335/41996031" minTileCoordinate="76941824/41963520" mapSource="Microsoft Maps" zoom="19" name="Layer name 19 (028)"/>
        <Map maxTileCoordinate="76974335/42011902" minTileCoordinate="76941824/41996032" mapSource="Microsoft Maps" zoom="19" name="Layer name 19 (029)"/>
        <Map maxTileCoordinate="77006847/41735935" minTileCoordinate="76974336/41703424" mapSource="Microsoft Maps" zoom="19" name="Layer name 19 (030)"/>
        <Map maxTileCoordinate="77006847/41768447" minTileCoordinate="76974336/41735936" mapSource="Microsoft Maps" zoom="19" name="Layer name 19 (031)"/>
        <Map maxTileCoordinate="77006847/41800959" minTileCoordinate="76974336/41768448" mapSource="Microsoft Maps" zoom="19" name="Layer name 19 (032)"/>
        <Map maxTileCoordinate="77006847/41833471" minTileCoordinate="76974336/41800960" mapSource="Microsoft Maps" zoom="19" name="Layer name 19 (033)"/>
        <Map maxTileCoordinate="77006847/41865983" minTileCoordinate="76974336/41833472" mapSource="Microsoft Maps" zoom="19" name="Layer name 19 (034)"/>
        <Map maxTileCoordinate="77006847/41898495" minTileCoordinate="76974336/41865984" mapSource="Microsoft Maps" zoom="19" name="Layer name 19 (035)"/>
        <Map maxTileCoordinate="77006847/41931007" minTileCoordinate="76974336/41898496" mapSource="Microsoft Maps" zoom="19" name="Layer name 19 (036)"/>
        <Map maxTileCoordinate="77006847/41963519" minTileCoordinate="76974336/41931008" mapSource="Microsoft Maps" zoom="19" name="Layer name 19 (037)"/>
        <Map maxTileCoordinate="77006847/41996031" minTileCoordinate="76974336/41963520" mapSource="Microsoft Maps" zoom="19" name="Layer name 19 (038)"/>
        <Map maxTileCoordinate="77006847/42011902" minTileCoordinate="76974336/41996032" mapSource="Microsoft Maps" zoom="19" name="Layer name 19 (039)"/>
        <Map maxTileCoordinate="77039359/41735935" minTileCoordinate="77006848/41703424" mapSource="Microsoft Maps" zoom="19" name="Layer name 19 (040)"/>
        <Map maxTileCoordinate="77039359/41768447" minTileCoordinate="77006848/41735936" mapSource="Microsoft Maps" zoom="19" name="Layer name 19 (041)"/>
        <Map maxTileCoordinate="77039359/41800959" minTileCoordinate="77006848/41768448" mapSource="Microsoft Maps" zoom="19" name="Layer name 19 (042)"/>
        <Map maxTileCoordinate="77039359/41833471" minTileCoordinate="77006848/41800960" mapSource="Microsoft Maps" zoom="19" name="Layer name 19 (043)"/>
        <Map maxTileCoordinate="77039359/41865983" minTileCoordinate="77006848/41833472" mapSource="Microsoft Maps" zoom="19" name="Layer name 19 (044)"/>
        <Map maxTileCoordinate="77039359/41898495" minTileCoordinate="77006848/41865984" mapSource="Microsoft Maps" zoom="19" name="Layer name 19 (045)"/>
        <Map maxTileCoordinate="77039359/41931007" minTileCoordinate="77006848/41898496" mapSource="Microsoft Maps" zoom="19" name="Layer name 19 (046)"/>
        <Map maxTileCoordinate="77039359/41963519" minTileCoordinate="77006848/41931008" mapSource="Microsoft Maps" zoom="19" name="Layer name 19 (047)"/>
        <Map maxTileCoordinate="77039359/41996031" minTileCoordinate="77006848/41963520" mapSource="Microsoft Maps" zoom="19" name="Layer name 19 (048)"/>
        <Map maxTileCoordinate="77039359/42011902" minTileCoordinate="77006848/41996032" mapSource="Microsoft Maps" zoom="19" name="Layer name 19 (049)"/>
        <Map maxTileCoordinate="77071871/41735935" minTileCoordinate="77039360/41703424" mapSource="Microsoft Maps" zoom="19" name="Layer name 19 (050)"/>
        <Map maxTileCoordinate="77071871/41768447" minTileCoordinate="77039360/41735936" mapSource="Microsoft Maps" zoom="19" name="Layer name 19 (051)"/>
        <Map maxTileCoordinate="77071871/41800959" minTileCoordinate="77039360/41768448" mapSource="Microsoft Maps" zoom="19" name="Layer name 19 (052)"/>
        <Map maxTileCoordinate="77071871/41833471" minTileCoordinate="77039360/41800960" mapSource="Microsoft Maps" zoom="19" name="Layer name 19 (053)"/>
        <Map maxTileCoordinate="77071871/41865983" minTileCoordinate="77039360/41833472" mapSource="Microsoft Maps" zoom="19" name="Layer name 19 (054)"/>
        <Map maxTileCoordinate="77071871/41898495" minTileCoordinate="77039360/41865984" mapSource="Microsoft Maps" zoom="19" name="Layer name 19 (055)"/>
        <Map maxTileCoordinate="77071871/41931007" minTileCoordinate="77039360/41898496" mapSource="Microsoft Maps" zoom="19" name="Layer name 19 (056)"/>
        <Map maxTileCoordinate="77071871/41963519" minTileCoordinate="77039360/41931008" mapSource="Microsoft Maps" zoom="19" name="Layer name 19 (057)"/>
        <Map maxTileCoordinate="77071871/41996031" minTileCoordinate="77039360/41963520" mapSource="Microsoft Maps" zoom="19" name="Layer name 19 (058)"/>
        <Map maxTileCoordinate="77071871/42011902" minTileCoordinate="77039360/41996032" mapSource="Microsoft Maps" zoom="19" name="Layer name 19 (059)"/>
        <Map maxTileCoordinate="77104383/41735935" minTileCoordinate="77071872/41703424" mapSource="Microsoft Maps" zoom="19" name="Layer name 19 (060)"/>
        <Map maxTileCoordinate="77104383/41768447" minTileCoordinate="77071872/41735936" mapSource="Microsoft Maps" zoom="19" name="Layer name 19 (061)"/>
        <Map maxTileCoordinate="77104383/41800959" minTileCoordinate="77071872/41768448" mapSource="Microsoft Maps" zoom="19" name="Layer name 19 (062)"/>
        <Map maxTileCoordinate="77104383/41833471" minTileCoordinate="77071872/41800960" mapSource="Microsoft Maps" zoom="19" name="Layer name 19 (063)"/>
        <Map maxTileCoordinate="77104383/41865983" minTileCoordinate="77071872/41833472" mapSource="Microsoft Maps" zoom="19" name="Layer name 19 (064)"/>
        <Map maxTileCoordinate="77104383/41898495" minTileCoordinate="77071872/41865984" mapSource="Microsoft Maps" zoom="19" name="Layer name 19 (065)"/>
        <Map maxTileCoordinate="77104383/41931007" minTileCoordinate="77071872/41898496" mapSource="Microsoft Maps" zoom="19" name="Layer name 19 (066)"/>
        <Map maxTileCoordinate="77104383/41963519" minTileCoordinate="77071872/41931008" mapSource="Microsoft Maps" zoom="19" name="Layer name 19 (067)"/>
        <Map maxTileCoordinate="77104383/41996031" minTileCoordinate="77071872/41963520" mapSource="Microsoft Maps" zoom="19" name="Layer name 19 (068)"/>
        <Map maxTileCoordinate="77104383/42011902" minTileCoordinate="77071872/41996032" mapSource="Microsoft Maps" zoom="19" name="Layer name 19 (069)"/>
        <Map maxTileCoordinate="77136895/41735935" minTileCoordinate="77104384/41703424" mapSource="Microsoft Maps" zoom="19" name="Layer name 19 (070)"/>
        <Map maxTileCoordinate="77136895/41768447" minTileCoordinate="77104384/41735936" mapSource="Microsoft Maps" zoom="19" name="Layer name 19 (071)"/>
        <Map maxTileCoordinate="77136895/41800959" minTileCoordinate="77104384/41768448" mapSource="Microsoft Maps" zoom="19" name="Layer name 19 (072)"/>
        <Map maxTileCoordinate="77136895/41833471" minTileCoordinate="77104384/41800960" mapSource="Microsoft Maps" zoom="19" name="Layer name 19 (073)"/>
        <Map maxTileCoordinate="77136895/41865983" minTileCoordinate="77104384/41833472" mapSource="Microsoft Maps" zoom="19" name="Layer name 19 (074)"/>
        <Map maxTileCoordinate="77136895/41898495" minTileCoordinate="77104384/41865984" mapSource="Microsoft Maps" zoom="19" name="Layer name 19 (075)"/>
        <Map maxTileCoordinate="77136895/41931007" minTileCoordinate="77104384/41898496" mapSource="Microsoft Maps" zoom="19" name="Layer name 19 (076)"/>
        <Map maxTileCoordinate="77136895/41963519" minTileCoordinate="77104384/41931008" mapSource="Microsoft Maps" zoom="19" name="Layer name 19 (077)"/>
        <Map maxTileCoordinate="77136895/41996031" minTileCoordinate="77104384/41963520" mapSource="Microsoft Maps" zoom="19" name="Layer name 19 (078)"/>
        <Map maxTileCoordinate="77136895/42011902" minTileCoordinate="77104384/41996032" mapSource="Microsoft Maps" zoom="19" name="Layer name 19 (079)"/>
        <Map maxTileCoordinate="77169407/41735935" minTileCoordinate="77136896/41703424" mapSource="Microsoft Maps" zoom="19" name="Layer name 19 (080)"/>
        <Map maxTileCoordinate="77169407/41768447" minTileCoordinate="77136896/41735936" mapSource="Microsoft Maps" zoom="19" name="Layer name 19 (081)"/>
        <Map maxTileCoordinate="77169407/41800959" minTileCoordinate="77136896/41768448" mapSource="Microsoft Maps" zoom="19" name="Layer name 19 (082)"/>
        <Map maxTileCoordinate="77169407/41833471" minTileCoordinate="77136896/41800960" mapSource="Microsoft Maps" zoom="19" name="Layer name 19 (083)"/>
        <Map maxTileCoordinate="77169407/41865983" minTileCoordinate="77136896/41833472" mapSource="Microsoft Maps" zoom="19" name="Layer name 19 (084)"/>
        <Map maxTileCoordinate="77169407/41898495" minTileCoordinate="77136896/41865984" mapSource="Microsoft Maps" zoom="19" name="Layer name 19 (085)"/>
        <Map maxTileCoordinate="77169407/41931007" minTileCoordinate="77136896/41898496" mapSource="Microsoft Maps" zoom="19" name="Layer name 19 (086)"/>
        <Map maxTileCoordinate="77169407/41963519" minTileCoordinate="77136896/41931008" mapSource="Microsoft Maps" zoom="19" name="Layer name 19 (087)"/>
        <Map maxTileCoordinate="77169407/41996031" minTileCoordinate="77136896/41963520" mapSource="Microsoft Maps" zoom="19" name="Layer name 19 (088)"/>
        <Map maxTileCoordinate="77169407/42011902" minTileCoordinate="77136896/41996032" mapSource="Microsoft Maps" zoom="19" name="Layer name 19 (089)"/>
        <Map maxTileCoordinate="77201919/41735935" minTileCoordinate="77169408/41703424" mapSource="Microsoft Maps" zoom="19" name="Layer name 19 (090)"/>
        <Map maxTileCoordinate="77201919/41768447" minTileCoordinate="77169408/41735936" mapSource="Microsoft Maps" zoom="19" name="Layer name 19 (091)"/>
        <Map maxTileCoordinate="77201919/41800959" minTileCoordinate="77169408/41768448" mapSource="Microsoft Maps" zoom="19" name="Layer name 19 (092)"/>
        <Map maxTileCoordinate="77201919/41833471" minTileCoordinate="77169408/41800960" mapSource="Microsoft Maps" zoom="19" name="Layer name 19 (093)"/>
        <Map maxTileCoordinate="77201919/41865983" minTileCoordinate="77169408/41833472" mapSource="Microsoft Maps" zoom="19" name="Layer name 19 (094)"/>
        <Map maxTileCoordinate="77201919/41898495" minTileCoordinate="77169408/41865984" mapSource="Microsoft Maps" zoom="19" name="Layer name 19 (095)"/>
        <Map maxTileCoordinate="77201919/41931007" minTileCoordinate="77169408/41898496" mapSource="Microsoft Maps" zoom="19" name="Layer name 19 (096)"/>
        <Map maxTileCoordinate="77201919/41963519" minTileCoordinate="77169408/41931008" mapSource="Microsoft Maps" zoom="19" name="Layer name 19 (097)"/>
        <Map maxTileCoordinate="77201919/41996031" minTileCoordinate="77169408/41963520" mapSource="Microsoft Maps" zoom="19" name="Layer name 19 (098)"/>
        <Map maxTileCoordinate="77201919/42011902" minTileCoordinate="77169408/41996032" mapSource="Microsoft Maps" zoom="19" name="Layer name 19 (099)"/>
        <Map maxTileCoordinate="77234431/41735935" minTileCoordinate="77201920/41703424" mapSource="Microsoft Maps" zoom="19" name="Layer name 19 (100)"/>
        <Map maxTileCoordinate="77234431/41768447" minTileCoordinate="77201920/41735936" mapSource="Microsoft Maps" zoom="19" name="Layer name 19 (101)"/>
        <Map maxTileCoordinate="77234431/41800959" minTileCoordinate="77201920/41768448" mapSource="Microsoft Maps" zoom="19" name="Layer name 19 (102)"/>
        <Map maxTileCoordinate="77234431/41833471" minTileCoordinate="77201920/41800960" mapSource="Microsoft Maps" zoom="19" name="Layer name 19 (103)"/>
        <Map maxTileCoordinate="77234431/41865983" minTileCoordinate="77201920/41833472" mapSource="Microsoft Maps" zoom="19" name="Layer name 19 (104)"/>
        <Map maxTileCoordinate="77234431/41898495" minTileCoordinate="77201920/41865984" mapSource="Microsoft Maps" zoom="19" name="Layer name 19 (105)"/>
        <Map maxTileCoordinate="77234431/41931007" minTileCoordinate="77201920/41898496" mapSource="Microsoft Maps" zoom="19" name="Layer name 19 (106)"/>
        <Map maxTileCoordinate="77234431/41963519" minTileCoordinate="77201920/41931008" mapSource="Microsoft Maps" zoom="19" name="Layer name 19 (107)"/>
        <Map maxTileCoordinate="77234431/41996031" minTileCoordinate="77201920/41963520" mapSource="Microsoft Maps" zoom="19" name="Layer name 19 (108)"/>
        <Map maxTileCoordinate="77234431/42011902" minTileCoordinate="77201920/41996032" mapSource="Microsoft Maps" zoom="19" name="Layer name 19 (109)"/>
        <Map maxTileCoordinate="77266943/41735935" minTileCoordinate="77234432/41703424" mapSource="Microsoft Maps" zoom="19" name="Layer name 19 (110)"/>
        <Map maxTileCoordinate="77266943/41768447" minTileCoordinate="77234432/41735936" mapSource="Microsoft Maps" zoom="19" name="Layer name 19 (111)"/>
        <Map maxTileCoordinate="77266943/41800959" minTileCoordinate="77234432/41768448" mapSource="Microsoft Maps" zoom="19" name="Layer name 19 (112)"/>
        <Map maxTileCoordinate="77266943/41833471" minTileCoordinate="77234432/41800960" mapSource="Microsoft Maps" zoom="19" name="Layer name 19 (113)"/>
        <Map maxTileCoordinate="77266943/41865983" minTileCoordinate="77234432/41833472" mapSource="Microsoft Maps" zoom="19" name="Layer name 19 (114)"/>
        <Map maxTileCoordinate="77266943/41898495" minTileCoordinate="77234432/41865984" mapSource="Microsoft Maps" zoom="19" name="Layer name 19 (115)"/>
        <Map maxTileCoordinate="77266943/41931007" minTileCoordinate="77234432/41898496" mapSource="Microsoft Maps" zoom="19" name="Layer name 19 (116)"/>
        <Map maxTileCoordinate="77266943/41963519" minTileCoordinate="77234432/41931008" mapSource="Microsoft Maps" zoom="19" name="Layer name 19 (117)"/>
        <Map maxTileCoordinate="77266943/41996031" minTileCoordinate="77234432/41963520" mapSource="Microsoft Maps" zoom="19" name="Layer name 19 (118)"/>
        <Map maxTileCoordinate="77266943/42011902" minTileCoordinate="77234432/41996032" mapSource="Microsoft Maps" zoom="19" name="Layer name 19 (119)"/>
        <Map maxTileCoordinate="77278462/41735935" minTileCoordinate="77266944/41703424" mapSource="Microsoft Maps" zoom="19" name="Layer name 19 (120)"/>
        <Map maxTileCoordinate="77278462/41768447" minTileCoordinate="77266944/41735936" mapSource="Microsoft Maps" zoom="19" name="Layer name 19 (121)"/>
        <Map maxTileCoordinate="77278462/41800959" minTileCoordinate="77266944/41768448" mapSource="Microsoft Maps" zoom="19" name="Layer name 19 (122)"/>
        <Map maxTileCoordinate="77278462/41833471" minTileCoordinate="77266944/41800960" mapSource="Microsoft Maps" zoom="19" name="Layer name 19 (123)"/>
        <Map maxTileCoordinate="77278462/41865983" minTileCoordinate="77266944/41833472" mapSource="Microsoft Maps" zoom="19" name="Layer name 19 (124)"/>
        <Map maxTileCoordinate="77278462/41898495" minTileCoordinate="77266944/41865984" mapSource="Microsoft Maps" zoom="19" name="Layer name 19 (125)"/>
        <Map maxTileCoordinate="77278462/41931007" minTileCoordinate="77266944/41898496" mapSource="Microsoft Maps" zoom="19" name="Layer name 19 (126)"/>
        <Map maxTileCoordinate="77278462/41963519" minTileCoordinate="77266944/41931008" mapSource="Microsoft Maps" zoom="19" name="Layer name 19 (127)"/>
        <Map maxTileCoordinate="77278462/41996031" minTileCoordinate="77266944/41963520" mapSource="Microsoft Maps" zoom="19" name="Layer name 19 (128)"/>
        <Map maxTileCoordinate="77278462/42011902" minTileCoordinate="77266944/41996032" mapSource="Microsoft Maps" zoom="19" name="Layer name 19 (129)"/>
    </Layer>
</atlas>
